{
  "data": [
    {
      "t": "VNM",
      "fv": 0.98,
      "mav": 1.32,
      "nstv": -48000,
      "nstp": -16.8,
      "rsi": 42.5398,
      "macdv": -0.13,
      "macdsignal": "Sell",
      "tsignal": "Sell",
      "avgsignal": "Strong Sell",
      "ma20": 62565,
      "ma50": 61766,
      "ma100": 62973.6,
      "session": -4,
      "mw3d": -1.6,
      "mw1m": 1,
      "mw3m": -5,
      "mw1y": -6,
      "rs3d": 22,
      "rs1m": 67,
      "rs3m": 20,
      "rs1y": 28,
      "rsavg": 34,
      "hp1m": 63800,
      "hp3m": 63898,
      "hp1y": 72874,
      "lp1m": 61300,
      "lp3m": 60000,
      "lp1y": 60000,
      "hp1yp": -15.9,
      "lp1yp": 2.2,
      "pe": 13.6,
      "pb": 4,
      "roe": 0.293621,
      "oscore": 2.5,
      "av": 29100,
      "bv": 456100,
      "ev": 62781,
      "hmp": 61400,
      "mscore": -0.25,
      "delta1m": -1.2,
      "delta1y": -10.9,
      "seq": 1742543940,
      "vnid3d": -0.2,
      "vnid1m": 2.2,
      "vnid3m": 5.1,
      "vnid1y": 4.9,
      "cp": 61300,
      "vnipe": 14.5103,
      "vnipb": 1.74651,
      "roa": 0.174,
      "dividend": 0.033
    }
  ]
}